id;nome (it);nome (en);emoji;stato;Altezza (alt);Forza (frz);Velocita (vel);Agilita (agi);Presa (man);Fiato (res);Terra (ter);Acqua (acq);Volo (vol);Stazza (mas);Precisione (pre);Equilibrio (equ);Coraggio (cor);Intelligenza (int);Riflessi (rif)
leopardo;Leopardo;Leopard;🐆;nuovo;4;8;10;9;4;5;8;3;0;7;8;9;9;7;8
pantera;Pantera;Panther;🐈‍⬛;nuovo;4;9;9;9;4;5;8;3;0;7;8;9;9;8;8
iena;Iena;Hyena;🐺;nuovo;3;8;8;7;5;8;8;2;0;5;6;7;8;7;8
gazzella;Gazzella;Gazelle;🦌;nuovo;4;5;10;9;1;7;8;1;0;4;6;9;5;5;6
antilope;Antilope;Antelope;🦌;nuovo;4;5;9;8;1;7;8;1;0;4;6;8;5;5;6
bufalo;Bufalo;Buffalo;🐃;nuovo;6;9;6;3;1;8;8;3;0;10;4;4;9;5;4
bue;Bue;Ox;🐂;nuovo;5;8;4;2;1;7;8;2;0;9;4;3;6;4;3
asino;Asino;Donkey;🫏;nuovo;4;6;4;3;1;8;8;1;0;6;4;4;6;6;5
mulo;Mulo;Mule;🐴;nuovo;4;7;5;4;1;8;8;1;0;7;4;5;6;6;5
